"","formacao","unidade_amostral","campanha","mes_ano","id_individuo","codigo","h","d","la","lma","awc","ldmc","piabs","pitotal"
"1","baixa","a",1,"abr/2026","a01","b1a",32.5,3.16,75.3,91,65.3,0.37,2.31,1.62
"2","baixa","a",1,"abr/2026","a02","b1a",39.5,3.63,106.3,71.9,67.3,0.22,3.98,0.79
"3","baixa","a",1,"abr/2026","a03","b1a",37.3,3.3,44.4,88.1,83.7,0.44,1.94,0.76
"4","baixa","a",1,"abr/2026","a04","b1a",46.8,3.02,60.9,96.6,65.2,0.31,1.92,0.59
"5","baixa","a",1,"abr/2026","a05","b1a",31.9,4.72,64.4,89.3,89.1,0.47,3.39,1.29
"6","baixa","a",1,"abr/2026","a06","b1a",31.9,1.91,98,97.8,74.7,0.35,3.43,0.99
"7","baixa","a",1,"abr/2026","a07","b1a",29.2,1.06,32.7,93.3,71.9,0.56,0.7,0.53
"8","baixa","a",1,"abr/2026","a08","b1a",22.9,2.11,31.8,61.6,75.3,0.54,2.11,1.62
"9","baixa","a",1,"abr/2026","a09","b1a",41.8,2.25,56.2,85.4,85,0.34,1.52,1.44
"10","baixa","a",1,"abr/2026","a10","b1a",46.7,4.6,57.4,90.1,61.7,0.58,1.59,1.96
"11","baixa","a",1,"abr/2026","a11","b1a",36.7,3.23,100.3,72,62.5,0.56,3.17,1.8
"12","baixa","a",1,"abr/2026","a12","b1a",23.9,1.54,75.2,92.2,88,0.21,0.55,1.21
"13","baixa","a",1,"abr/2026","a13","b1a",47.1,1.87,40,56.9,88.7,0.23,3.06,1.67
"14","baixa","a",1,"abr/2026","a14","b1a",31.9,1.34,34.9,76,71.9,0.48,0.95,1.64
"15","baixa","a",1,"abr/2026","a15","b1a",23.9,4.42,39.3,65.6,74.9,0.3,2.74,1.78
"16","baixa","a",1,"abr/2026","a16","b1a",47,1.23,96.9,77.6,72,0.27,0.66,1.64
"17","baixa","a",1,"abr/2026","a17","b1a",33.4,2.31,63,59.6,66.5,0.24,2.65,0.63
"18","baixa","a",1,"abr/2026","a18","b1a",33,3,107.5,98.4,82.5,0.5,0.92,1.53
"19","baixa","a",1,"abr/2026","a19","b1a",32.5,2.34,86.3,69.1,79.6,0.45,0.67,1.15
"20","baixa","a",1,"abr/2026","a20","b1a",29.4,4.51,51.5,90.6,75.6,0.34,3.02,1.25
"21","baixa","a",2,"nov/2026","a01","b2a",24.2,4.53,101.3,65,66.3,0.47,3.31,1.21
"22","baixa","a",2,"nov/2026","a02","b2a",43.7,4.6,81.9,76.3,82.1,0.49,3.18,1.28
"23","baixa","a",2,"nov/2026","a03","b2a",45.2,4.19,109.7,71.1,75.6,0.23,2.55,1.65
"24","baixa","a",2,"nov/2026","a04","b2a",25.8,4.61,39.2,85.8,65,0.25,2.18,1.49
"25","baixa","a",2,"nov/2026","a05","b2a",33.7,2.76,93.1,57.6,76.2,0.41,0.62,1.15
"26","baixa","a",2,"nov/2026","a06","b2a",27.6,2.59,108.3,68.5,71.3,0.58,1.34,1.13
"27","baixa","a",2,"nov/2026","a07","b2a",22.5,2.49,89.9,63.3,86.4,0.27,2.01,1.13
"28","baixa","a",2,"nov/2026","a08","b2a",43.1,3.12,92.1,90.7,86.1,0.43,2.89,0.72
"29","baixa","a",2,"nov/2026","a09","b2a",28.3,1.3,108.3,81.9,68.6,0.48,3.4,1.93
"30","baixa","a",2,"nov/2026","a10","b2a",35.2,3.87,56.2,88.3,69,0.2,1.05,0.86
"31","baixa","a",2,"nov/2026","a11","b2a",24,1.97,60.5,79.2,70.6,0.22,3.16,1.79
"32","baixa","a",2,"nov/2026","a12","b2a",34.3,4.38,44.3,99.9,73.9,0.45,2.01,1.8
"33","baixa","a",2,"nov/2026","a13","b2a",45.5,4.98,63.2,67.2,76.5,0.52,1.42,0.56
"34","baixa","a",2,"nov/2026","a14","b2a",20.4,1.42,63.8,69.1,74.4,0.6,1.97,0.99
"35","baixa","a",2,"nov/2026","a15","b2a",49.8,2.94,78,92.2,84.5,0.39,3.36,1.03
"36","baixa","a",2,"nov/2026","a16","b2a",43.7,3.73,62.9,69,65.5,0.58,3.85,1.11
"37","baixa","a",2,"nov/2026","a17","b2a",27.5,4.28,36.2,52.5,89.1,0.26,1.71,0.74
"38","baixa","a",2,"nov/2026","a18","b2a",42.2,4.06,82.4,51.5,79.1,0.58,3.37,1.92
"39","baixa","a",2,"nov/2026","a19","b2a",33.9,2.71,32.7,84.3,88.3,0.39,2.77,2
"40","baixa","a",2,"nov/2026","a20","b2a",21.1,4.74,42.3,92.5,75.6,0.27,1.21,1.56
"41","baixa","b",1,"abr/2026","b01","b1b",38.3,3.92,107.2,97.1,84.9,0.36,3.38,0.97
"42","baixa","b",1,"abr/2026","b02","b1b",32,2.35,70.7,75,89.1,0.53,3.08,0.88
"43","baixa","b",1,"abr/2026","b03","b1b",49.9,2.92,52.6,67.1,60.9,0.34,2.78,1.81
"44","baixa","b",1,"abr/2026","b04","b1b",33.3,4.86,30.2,56.9,65.3,0.59,1.28,1.87
"45","baixa","b",1,"abr/2026","b05","b1b",20.3,4.65,55.9,82.5,84.8,0.23,1.4,1.31
"46","baixa","b",1,"abr/2026","b06","b1b",20.8,1.91,100.8,60.4,78.7,0.47,1.89,1.4
"47","baixa","b",1,"abr/2026","b07","b1b",29.1,2.23,42.8,64.4,83.2,0.31,3.28,1.31
"48","baixa","b",1,"abr/2026","b08","b1b",23.7,2.39,60.7,73.2,83,0.31,3.05,1.42
"49","baixa","b",1,"abr/2026","b09","b1b",23.4,1.17,74.6,74.6,67.3,0.37,3.76,1.53
"50","baixa","b",1,"abr/2026","b10","b1b",33.6,4.85,69.6,65.6,67.2,0.51,0.53,1.69
"51","baixa","b",1,"abr/2026","b11","b1b",32.3,4.26,87.8,89.6,68.6,0.23,1.12,1.16
"52","baixa","b",1,"abr/2026","b12","b1b",28.1,3.7,95,63,62.3,0.54,2.67,1.25
"53","baixa","b",1,"abr/2026","b13","b1b",31.7,2.62,62.8,59,62.6,0.45,2,1.7
"54","baixa","b",1,"abr/2026","b14","b1b",36.7,2.06,48,54.5,77,0.29,1.54,1.22
"55","baixa","b",1,"abr/2026","b15","b1b",27,4.71,70.5,64.5,74.8,0.57,3.45,1.57
"56","baixa","b",1,"abr/2026","b16","b1b",21.4,2.47,54.1,60.9,68.3,0.51,1.38,1.43
"57","baixa","b",1,"abr/2026","b17","b1b",49,3.2,96.3,85.1,76.1,0.51,1.19,0.57
"58","baixa","b",1,"abr/2026","b18","b1b",24.8,3.08,51.2,76.2,75.4,0.29,0.62,1.05
"59","baixa","b",1,"abr/2026","b19","b1b",38,4.71,69.7,83.1,61.2,0.28,0.65,0.93
"60","baixa","b",1,"abr/2026","b20","b1b",48.2,3.01,37.7,58.2,72.8,0.56,2.42,1.01
"61","baixa","b",2,"nov/2026","b01","b2b",49.7,3.55,53,89.5,61.7,0.3,1.59,0.95
"62","baixa","b",2,"nov/2026","b02","b2b",37.7,1.94,97.6,60,71.6,0.48,1.11,1.74
"63","baixa","b",2,"nov/2026","b03","b2b",43.8,2.45,68.1,94.7,77.1,0.33,3.5,0.96
"64","baixa","b",2,"nov/2026","b04","b2b",22.6,4.57,66.3,54.5,64,0.47,3.83,1.65
"65","baixa","b",2,"nov/2026","b05","b2b",23.1,4.06,46,89,64.6,0.49,0.8,1.78
"66","baixa","b",2,"nov/2026","b06","b2b",23.9,4.18,50.8,54.5,69,0.43,2.65,1.29
"67","baixa","b",2,"nov/2026","b07","b2b",26.8,2.29,73.2,57,71.5,0.39,1.91,1.9
"68","baixa","b",2,"nov/2026","b08","b2b",30.1,1.37,88,60,66,0.23,1.09,1.77
"69","baixa","b",2,"nov/2026","b09","b2b",38.2,4.82,44.8,78.1,85.3,0.27,3.41,0.77
"70","baixa","b",2,"nov/2026","b10","b2b",25.9,2.8,44.8,82.9,69.3,0.54,2.84,0.57
"71","baixa","b",2,"nov/2026","b11","b2b",28.4,3.23,103.5,67.2,70.1,0.23,2.32,1.56
"72","baixa","b",2,"nov/2026","b12","b2b",22.4,1.68,40.7,76.3,80.5,0.59,2.34,0.59
"73","baixa","b",2,"nov/2026","b13","b2b",39.2,1.08,30.5,74.9,76.5,0.48,3,0.68
"74","baixa","b",2,"nov/2026","b14","b2b",45.7,1.85,51.8,65.8,63.6,0.37,3.53,1.17
"75","baixa","b",2,"nov/2026","b15","b2b",43,2.27,82.5,91,81.9,0.26,3.82,0.93
"76","baixa","b",2,"nov/2026","b16","b2b",38.1,3.33,70.6,94.4,72.1,0.41,3.63,1.13
"77","baixa","b",2,"nov/2026","b17","b2b",39.9,1.21,55,80.4,63.9,0.48,3.36,1.43
"78","baixa","b",2,"nov/2026","b18","b2b",42.4,2,45.4,64.2,84.4,0.39,1.03,1.77
"79","baixa","b",2,"nov/2026","b19","b2b",33.4,1.06,108.1,78.1,86.8,0.41,3.03,1.14
"80","baixa","b",2,"nov/2026","b20","b2b",26.2,1.87,89.5,83,88,0.37,2.75,1.01
"81","baixa","c",1,"abr/2026","c01","b1c",27.8,3.09,62.6,72.6,84.6,0.51,2.91,0.87
"82","baixa","c",1,"abr/2026","c02","b1c",33,2.32,38.4,81.5,73.7,0.31,1.15,0.6
"83","baixa","c",1,"abr/2026","c03","b1c",23,3.97,84.8,82.7,87,0.55,0.93,0.66
"84","baixa","c",1,"abr/2026","c04","b1c",21,4.82,78.2,93.4,69.6,0.56,2.49,1.38
"85","baixa","c",1,"abr/2026","c05","b1c",39,1.89,82,56,70,0.23,3.3,1.07
"86","baixa","c",1,"abr/2026","c06","b1c",36.1,4.91,90.3,92.8,81,0.48,3.45,0.77
"87","baixa","c",1,"abr/2026","c07","b1c",44.7,1.37,77.8,66.8,62.1,0.54,2.97,1.28
"88","baixa","c",1,"abr/2026","c08","b1c",39.8,3.95,37.2,91.3,75.6,0.47,3.6,1.73
"89","baixa","c",1,"abr/2026","c09","b1c",34,2.09,85.8,97.4,80.9,0.5,2.8,1.57
"90","baixa","c",1,"abr/2026","c10","b1c",45.8,2.11,31.6,60.7,81.6,0.51,1.02,0.61
"91","baixa","c",1,"abr/2026","c11","b1c",43.2,1.24,108.2,86.6,82,0.35,2.33,0.79
"92","baixa","c",1,"abr/2026","c12","b1c",31.5,1.91,106.1,77.7,88.6,0.34,1.47,0.53
"93","baixa","c",1,"abr/2026","c13","b1c",49.6,4.04,95.9,58.4,89.8,0.4,0.86,1.58
"94","baixa","c",1,"abr/2026","c14","b1c",26.4,2.38,49.9,63.5,71.4,0.22,0.61,1.13
"95","baixa","c",1,"abr/2026","c15","b1c",49.2,3.87,76.2,55.5,88.7,0.47,2.46,0.68
"96","baixa","c",1,"abr/2026","c16","b1c",33.5,1.81,57.5,53.6,77.5,0.58,3.14,0.85
"97","baixa","c",1,"abr/2026","c17","b1c",29.3,1.22,107.1,58.4,69.6,0.5,3.63,0.94
"98","baixa","c",1,"abr/2026","c18","b1c",45.8,3.91,98.2,81.2,62.9,0.27,3.17,1.96
"99","baixa","c",1,"abr/2026","c19","b1c",41.2,2.07,87.6,86,64.7,0.22,1.45,1.51
"100","baixa","c",1,"abr/2026","c20","b1c",36.7,2.32,93.3,81.9,64,0.4,3.06,0.77
"101","baixa","c",2,"nov/2026","c01","b2c",27.2,4.41,89.4,83.4,82,0.57,0.63,0.87
"102","baixa","c",2,"nov/2026","c02","b2c",35.7,1.02,56,54.6,68.2,0.57,2.65,1.16
"103","baixa","c",2,"nov/2026","c03","b2c",42.6,2.73,101.5,64.2,89.3,0.23,3.88,0.83
"104","baixa","c",2,"nov/2026","c04","b2c",35,1.47,34.4,97.5,71.2,0.36,2.68,1.43
"105","baixa","c",2,"nov/2026","c05","b2c",34.3,3.02,75.1,67.8,63.6,0.21,1.5,1.22
"106","baixa","c",2,"nov/2026","c06","b2c",35.1,4.9,55.5,57.9,64,0.59,1.67,1.65
"107","baixa","c",2,"nov/2026","c07","b2c",38.3,3.65,91.3,91.8,66.5,0.53,3.56,1.27
"108","baixa","c",2,"nov/2026","c08","b2c",34.8,4.54,79.8,92.3,86.6,0.2,1.3,0.98
"109","baixa","c",2,"nov/2026","c09","b2c",25.9,3.94,61.3,69,88.8,0.23,3.07,1.74
"110","baixa","c",2,"nov/2026","c10","b2c",35.4,3.02,99.2,84.1,65.5,0.4,1.8,1.89
"111","baixa","c",2,"nov/2026","c11","b2c",46.6,4.54,74,73.8,89,0.36,3.83,1.11
"112","baixa","c",2,"nov/2026","c12","b2c",22.3,2.98,98.3,57.6,67.4,0.54,3.96,0.73
"113","baixa","c",2,"nov/2026","c13","b2c",34,4.12,71.3,81.9,77.3,0.24,2.19,0.57
"114","baixa","c",2,"nov/2026","c14","b2c",46,3.03,81.9,91.2,63.5,0.48,2.64,1.71
"115","baixa","c",2,"nov/2026","c15","b2c",29.8,1.34,50.9,71.4,61.6,0.21,1.84,0.88
"116","baixa","c",2,"nov/2026","c16","b2c",37.9,3.19,53.1,72.3,73.4,0.43,1.8,1.5
"117","baixa","c",2,"nov/2026","c17","b2c",34.1,2.43,108.3,61.6,68.8,0.33,3.85,0.9
"118","baixa","c",2,"nov/2026","c18","b2c",42.8,3.15,109.4,53.9,72,0.53,2.67,0.71
"119","baixa","c",2,"nov/2026","c19","b2c",35.9,3.48,53,67,86.4,0.5,3.95,0.76
"120","baixa","c",2,"nov/2026","c20","b2c",49.1,1.99,78.4,61.3,81.5,0.48,1.65,1.22
"121","montana","g",1,"abr/2026","g01","m1g",48.5,2.83,58.9,57,89.5,0.45,2.69,1.44
"122","montana","g",1,"abr/2026","g02","m1g",37.2,1.41,109.1,78.4,60.1,0.42,3.66,1.89
"123","montana","g",1,"abr/2026","g03","m1g",24,1.06,102.6,84,74.8,0.3,2.49,1.99
"124","montana","g",1,"abr/2026","g04","m1g",27.6,1.39,71.5,66.4,70.8,0.21,3.31,0.89
"125","montana","g",1,"abr/2026","g05","m1g",49.8,1.9,69.3,95.4,67.9,0.4,3.2,1.68
"126","montana","g",1,"abr/2026","g06","m1g",32.2,1.58,61.1,62.2,68.6,0.53,0.59,0.88
"127","montana","g",1,"abr/2026","g07","m1g",26.6,4.38,100.3,79.8,78.6,0.38,1.38,1.16
"128","montana","g",1,"abr/2026","g08","m1g",30.4,2.66,103.8,83.4,85.7,0.48,1.47,1.79
"129","montana","g",1,"abr/2026","g09","m1g",37.1,3.25,51.7,89.6,76.7,0.4,2.92,1.54
"130","montana","g",1,"abr/2026","g10","m1g",20.9,3.34,97.8,72.1,65.2,0.38,0.77,1
"131","montana","g",1,"abr/2026","g11","m1g",20.6,1.28,69.6,62.9,65.4,0.33,1.06,1.89
"132","montana","g",1,"abr/2026","g12","m1g",30.1,4.08,80.1,78.1,64.9,0.22,2.25,1.15
"133","montana","g",1,"abr/2026","g13","m1g",27.7,3.34,62.1,72.2,81.7,0.46,1.84,1.07
"134","montana","g",1,"abr/2026","g14","m1g",20.7,4.09,36.2,78.2,88.8,0.44,2.23,1.71
"135","montana","g",1,"abr/2026","g15","m1g",43,2.75,43.3,72.3,87.5,0.26,3.25,1.62
"136","montana","g",1,"abr/2026","g16","m1g",43.4,3.53,33,97.3,72.8,0.34,3.27,1.35
"137","montana","g",1,"abr/2026","g17","m1g",40.8,4,60.5,53.8,75.2,0.46,1.28,1.57
"138","montana","g",1,"abr/2026","g18","m1g",21.5,3.78,87.1,66.4,83.5,0.46,0.92,0.98
"139","montana","g",1,"abr/2026","g19","m1g",39.8,4.93,50.5,76.8,82,0.35,3.31,1.18
"140","montana","g",1,"abr/2026","g20","m1g",42.9,2.12,62.4,83.7,73.8,0.34,0.86,1.9
"141","montana","g",2,"nov/2026","g01","m2g",29.6,1.26,94.4,84.2,78,0.35,2.92,1.28
"142","montana","g",2,"nov/2026","g02","m2g",32.1,2.7,93.6,50.3,88.7,0.57,1.87,1
"143","montana","g",2,"nov/2026","g03","m2g",21,2.23,60.8,87.6,80.3,0.5,3.73,1.61
"144","montana","g",2,"nov/2026","g04","m2g",34.8,2.72,89.7,63.3,72.4,0.26,0.69,1.69
"145","montana","g",2,"nov/2026","g05","m2g",24.3,2.78,67.4,95.3,72.5,0.33,3.95,1.23
"146","montana","g",2,"nov/2026","g06","m2g",44,3.6,48,74.1,63.1,0.3,3.31,1.6
"147","montana","g",2,"nov/2026","g07","m2g",32.3,1.07,46.3,53.5,86.5,0.26,1.49,1.05
"148","montana","g",2,"nov/2026","g08","m2g",48.1,1.93,34.2,67.7,89.6,0.59,1.67,1
"149","montana","g",2,"nov/2026","g09","m2g",42,2.95,76.8,86.6,77.7,0.25,2.78,0.91
"150","montana","g",2,"nov/2026","g10","m2g",33,4.56,107.4,74.4,87.1,0.23,0.8,1.99
"151","montana","g",2,"nov/2026","g11","m2g",44,2.11,34.3,88.2,69.2,0.5,3.79,1.42
"152","montana","g",2,"nov/2026","g12","m2g",31,2.2,87.4,63.6,80.3,0.25,1.75,1.09
"153","montana","g",2,"nov/2026","g13","m2g",31.4,4.95,30.1,70.8,82.1,0.2,2.53,1.22
"154","montana","g",2,"nov/2026","g14","m2g",40.2,2.86,109.2,86.9,72.2,0.54,3.14,0.56
"155","montana","g",2,"nov/2026","g15","m2g",33.2,1.01,107.6,86.3,84.9,0.34,1.4,1.03
"156","montana","g",2,"nov/2026","g16","m2g",41.4,1.24,86,60.5,78.1,0.4,3.63,1.14
"157","montana","g",2,"nov/2026","g17","m2g",33.1,4.73,92,53.9,74.1,0.43,1.06,1.36
"158","montana","g",2,"nov/2026","g18","m2g",40,2.89,65.8,76.3,64.6,0.25,3.69,1.44
"159","montana","g",2,"nov/2026","g19","m2g",35.7,4.37,89,79.2,60.1,0.23,3.72,0.83
"160","montana","g",2,"nov/2026","g20","m2g",47.1,4.33,84.2,54.3,87.8,0.55,2.79,1.77
"161","montana","h",1,"abr/2026","h01","m1h",48.1,4.08,31,50,88.5,0.4,3.98,0.82
"162","montana","h",1,"abr/2026","h02","m1h",48.8,3.41,72.9,58.6,75.1,0.4,2.82,1.64
"163","montana","h",1,"abr/2026","h03","m1h",27,3.23,90.1,81.1,66.8,0.5,1.02,1.87
"164","montana","h",1,"abr/2026","h04","m1h",32.9,3.1,31.6,86,85.9,0.27,3.03,0.93
"165","montana","h",1,"abr/2026","h05","m1h",32.6,1.95,85.9,97.3,70.9,0.21,2.4,0.78
"166","montana","h",1,"abr/2026","h06","m1h",24.8,3.47,98.1,73.8,74.7,0.43,3.93,1.97
"167","montana","h",1,"abr/2026","h07","m1h",35.9,4.46,67.5,96.9,88.4,0.27,0.7,1.44
"168","montana","h",1,"abr/2026","h08","m1h",48,4.06,50.8,69.7,76.7,0.28,1,1.93
"169","montana","h",1,"abr/2026","h09","m1h",22.7,1.75,93.6,50.2,60.9,0.58,2.35,0.75
"170","montana","h",1,"abr/2026","h10","m1h",39.7,2.49,64,50.9,87.3,0.26,2.9,0.95
"171","montana","h",1,"abr/2026","h11","m1h",25.4,4.03,99.5,85.2,64,0.3,1.83,1.11
"172","montana","h",1,"abr/2026","h12","m1h",27.5,1.35,80.3,98,68.9,0.43,1.76,0.57
"173","montana","h",1,"abr/2026","h13","m1h",37.4,3.63,66.1,68.2,66.8,0.27,2.23,1.48
"174","montana","h",1,"abr/2026","h14","m1h",23,3.86,71.6,69,64.7,0.46,3.62,0.83
"175","montana","h",1,"abr/2026","h15","m1h",40,4.44,107.9,74.5,62.8,0.28,3.99,0.73
"176","montana","h",1,"abr/2026","h16","m1h",38.6,1.84,84.7,96.4,77,0.41,3.86,1.58
"177","montana","h",1,"abr/2026","h17","m1h",46.2,2.1,97.1,50.7,86,0.33,0.78,1.59
"178","montana","h",1,"abr/2026","h18","m1h",26,4.34,61.6,55.5,61,0.43,0.62,0.9
"179","montana","h",1,"abr/2026","h19","m1h",29.6,2.12,101.2,82.5,86.9,0.43,2.84,1.38
"180","montana","h",1,"abr/2026","h20","m1h",32.3,4.39,32,61.3,85.4,0.31,0.67,1.68
"181","montana","h",2,"nov/2026","h01","m2h",47.8,3.47,60.1,65,80.8,0.3,3.88,1.06
"182","montana","h",2,"nov/2026","h02","m2h",21.3,2,84.7,93.1,79.7,0.56,1.52,0.74
"183","montana","h",2,"nov/2026","h03","m2h",25.8,3.48,65.8,82.3,69.9,0.43,1.45,1.4
"184","montana","h",2,"nov/2026","h04","m2h",41.6,1.22,47.1,67.5,64.5,0.39,2.2,0.66
"185","montana","h",2,"nov/2026","h05","m2h",21.7,4.66,44.2,71.2,70.1,0.5,1.22,1.29
"186","montana","h",2,"nov/2026","h06","m2h",49.4,4.54,84.4,74.4,76.2,0.22,1.3,1.6
"187","montana","h",2,"nov/2026","h07","m2h",20.8,3.75,82.7,57.6,68.5,0.45,2.32,0.8
"188","montana","h",2,"nov/2026","h08","m2h",35.3,4.82,63.7,77.2,72.9,0.45,1.78,1.31
"189","montana","h",2,"nov/2026","h09","m2h",46,3.23,78.3,81.5,69,0.51,3.66,0.62
"190","montana","h",2,"nov/2026","h10","m2h",29,4.13,62.1,70.8,72.8,0.36,1.35,1.05
"191","montana","h",2,"nov/2026","h11","m2h",38.6,4.2,72.9,86.2,80.6,0.28,1.78,1.31
"192","montana","h",2,"nov/2026","h12","m2h",37,2.06,97.8,96.3,60.4,0.46,3.93,1.17
"193","montana","h",2,"nov/2026","h13","m2h",33.4,2.17,49.8,76.1,84.6,0.38,1.03,0.74
"194","montana","h",2,"nov/2026","h14","m2h",48.3,1.9,84.5,71.8,63.4,0.42,1.18,1.02
"195","montana","h",2,"nov/2026","h15","m2h",31.5,4.45,62.7,85.7,69.7,0.5,2.35,1.23
"196","montana","h",2,"nov/2026","h16","m2h",30.3,3.89,73.2,63.3,79.6,0.26,1.93,0.54
"197","montana","h",2,"nov/2026","h17","m2h",48.3,1.61,108.1,66.1,78.8,0.41,0.58,0.57
"198","montana","h",2,"nov/2026","h18","m2h",22.8,4.41,77.6,56.4,84.9,0.25,1.99,0.62
"199","montana","h",2,"nov/2026","h19","m2h",46.6,3.53,44.1,95,60.3,0.43,0.75,0.76
"200","montana","h",2,"nov/2026","h20","m2h",29,3.22,100.7,98.3,86.8,0.28,3.61,1.65
"201","montana","i",1,"abr/2026","i01","m1i",24.7,1.18,57.4,68,75.9,0.41,3.51,1.41
"202","montana","i",1,"abr/2026","i02","m1i",23.4,2.12,97.7,75.9,69.8,0.54,1.53,1.61
"203","montana","i",1,"abr/2026","i03","m1i",22.5,3.39,36.4,64.1,65.7,0.43,2.87,1.78
"204","montana","i",1,"abr/2026","i04","m1i",27,4.83,35,58.2,78.8,0.47,0.86,2
"205","montana","i",1,"abr/2026","i05","m1i",45.8,1.23,38.6,92.6,85.9,0.4,0.55,1.35
"206","montana","i",1,"abr/2026","i06","m1i",32.4,2.83,98.3,71.1,79.7,0.58,3.55,0.6
"207","montana","i",1,"abr/2026","i07","m1i",41.4,2.63,61,93.4,86.5,0.25,3.06,0.74
"208","montana","i",1,"abr/2026","i08","m1i",47.9,3.04,100.2,81.1,62.5,0.37,3.69,1.02
"209","montana","i",1,"abr/2026","i09","m1i",29.1,1.16,57.8,87.6,60.4,0.43,0.54,1.01
"210","montana","i",1,"abr/2026","i10","m1i",42.2,4.45,59.8,51.4,66.2,0.45,0.64,1.23
"211","montana","i",1,"abr/2026","i11","m1i",39.6,2.04,51.5,79.4,84.7,0.33,1.65,1.79
"212","montana","i",1,"abr/2026","i12","m1i",29.1,2.84,68,52.2,69.6,0.54,1.85,1.57
"213","montana","i",1,"abr/2026","i13","m1i",20.6,1.88,47.6,97.2,68.6,0.57,2.66,1.55
"214","montana","i",1,"abr/2026","i14","m1i",31.5,4.74,94.6,72.5,64.4,0.56,2.11,0.72
"215","montana","i",1,"abr/2026","i15","m1i",27.6,3.84,63.8,57.8,73,0.32,0.77,1.68
"216","montana","i",1,"abr/2026","i16","m1i",36,2.6,89.1,78.3,86.4,0.42,2.19,1.38
"217","montana","i",1,"abr/2026","i17","m1i",40,2.12,99.7,93.6,84.5,0.42,3.64,1.76
"218","montana","i",1,"abr/2026","i18","m1i",28.8,3.81,100.7,53.2,76.3,0.53,1.67,0.82
"219","montana","i",1,"abr/2026","i19","m1i",34.1,1.88,58.8,97.8,82.6,0.21,3.61,1.47
"220","montana","i",1,"abr/2026","i20","m1i",31.4,2.17,75.9,93.1,84,0.43,1.16,1.25
"221","montana","i",2,"nov/2026","i01","m2i",23,4.56,38,76.1,66.2,0.3,1.37,1.8
"222","montana","i",2,"nov/2026","i02","m2i",25.3,3,40.8,91.9,68.2,0.48,3.5,0.58
"223","montana","i",2,"nov/2026","i03","m2i",45.4,4.81,41.4,86,78.8,0.28,3.54,0.75
"224","montana","i",2,"nov/2026","i04","m2i",34.2,4.1,44.7,99.9,66.9,0.27,1.81,0.77
"225","montana","i",2,"nov/2026","i05","m2i",46.3,4.45,31.8,86.4,69.6,0.56,2.52,1.43
"226","montana","i",2,"nov/2026","i06","m2i",45.3,3.3,51.2,75,65,0.38,2.21,0.83
"227","montana","i",2,"nov/2026","i07","m2i",25.2,1.27,33.5,94.2,86.8,0.38,3.1,1.05
"228","montana","i",2,"nov/2026","i08","m2i",41.7,3.07,34.3,59.6,83.4,0.43,1.29,1.48
"229","montana","i",2,"nov/2026","i09","m2i",32.8,4.6,48.2,59.8,61.7,0.42,3.12,1.37
"230","montana","i",2,"nov/2026","i10","m2i",37.6,1.12,43.6,53.2,78.8,0.45,3.39,1.82
"231","montana","i",2,"nov/2026","i11","m2i",43,1.44,43.2,90.7,83.8,0.45,0.85,1.86
"232","montana","i",2,"nov/2026","i12","m2i",47.8,3.53,76.8,85,74.1,0.26,1.47,0.78
"233","montana","i",2,"nov/2026","i13","m2i",44.2,2.89,40,52.2,87.5,0.32,0.57,1.54
"234","montana","i",2,"nov/2026","i14","m2i",48.3,4.96,86.5,96,73.2,0.51,2.59,0.77
"235","montana","i",2,"nov/2026","i15","m2i",29,4.07,108.1,99.1,60.1,0.45,3.95,0.9
"236","montana","i",2,"nov/2026","i16","m2i",20,4.1,85.8,90.8,83.1,0.46,3.46,1.22
"237","montana","i",2,"nov/2026","i17","m2i",25.7,2.66,106.8,64.2,82.2,0.57,2.57,1.04
"238","montana","i",2,"nov/2026","i18","m2i",42.3,4.99,101.9,72.5,73.2,0.44,1.7,1.04
"239","montana","i",2,"nov/2026","i19","m2i",39,2.76,109.6,68.8,70.7,0.49,2.76,0.76
"240","montana","i",2,"nov/2026","i20","m2i",35.2,4.87,49.1,53,69,0.27,0.63,1.27
"241","submontana","d",1,"abr/2026","d01","s1d",20.8,3.2,92.5,80.1,76.3,0.51,0.91,1.2
"242","submontana","d",1,"abr/2026","d02","s1d",21.8,4.01,85.8,66.4,68.1,0.51,2.31,0.91
"243","submontana","d",1,"abr/2026","d03","s1d",25.1,3.66,64.9,55.3,71.8,0.28,3.55,0.96
"244","submontana","d",1,"abr/2026","d04","s1d",49.8,4.32,85,50,69.4,0.36,0.86,0.96
"245","submontana","d",1,"abr/2026","d05","s1d",43.4,3.64,41.9,69.8,82.7,0.43,3.88,1.68
"246","submontana","d",1,"abr/2026","d06","s1d",35.7,1.02,31.8,66.5,61.5,0.39,3.82,0.96
"247","submontana","d",1,"abr/2026","d07","s1d",21.3,1.17,40.8,76.2,84.7,0.45,3.78,0.97
"248","submontana","d",1,"abr/2026","d08","s1d",28.1,4.7,85.4,69.2,87.4,0.31,3.16,1.15
"249","submontana","d",1,"abr/2026","d09","s1d",23.4,2.72,54.8,68.3,81.7,0.3,0.58,1.64
"250","submontana","d",1,"abr/2026","d10","s1d",41.7,3.54,57.9,50.9,64.3,0.51,1.99,1.27
"251","submontana","d",1,"abr/2026","d11","s1d",32.1,3.45,102,98.9,73.7,0.42,1.02,1.65
"252","submontana","d",1,"abr/2026","d12","s1d",46.6,4.81,68.2,77.5,68.2,0.27,2.01,1.61
"253","submontana","d",1,"abr/2026","d13","s1d",31.4,3.89,89.8,51.8,70.1,0.59,2.39,1
"254","submontana","d",1,"abr/2026","d14","s1d",32.8,1.85,80.9,75.7,65.2,0.4,3.09,1.37
"255","submontana","d",1,"abr/2026","d15","s1d",21.2,2.5,95.1,72.9,73.3,0.27,3.15,1.88
"256","submontana","d",1,"abr/2026","d16","s1d",33.5,3.65,72.6,75.5,82.4,0.29,3.69,1.5
"257","submontana","d",1,"abr/2026","d17","s1d",40.8,1.96,64.1,94,72.3,0.48,1.53,1.27
"258","submontana","d",1,"abr/2026","d18","s1d",44.3,3.31,69.5,52.4,79.1,0.24,2.45,0.76
"259","submontana","d",1,"abr/2026","d19","s1d",24.6,1.34,34.8,60.1,77.4,0.26,1.18,0.89
"260","submontana","d",1,"abr/2026","d20","s1d",36.6,4.75,78.9,52.6,80.4,0.36,3.22,1.21
"261","submontana","d",2,"nov/2026","d01","s2d",33.1,1.93,80.2,72.2,66.1,0.46,2.57,1.29
"262","submontana","d",2,"nov/2026","d02","s2d",41.9,2.14,42.5,56.2,85,0.21,2.4,1.34
"263","submontana","d",2,"nov/2026","d03","s2d",32.7,2.81,63.2,98.7,81.6,0.26,1.11,0.74
"264","submontana","d",2,"nov/2026","d04","s2d",33.5,2.86,52.6,56.1,66.4,0.3,3.67,0.67
"265","submontana","d",2,"nov/2026","d05","s2d",42.7,2.05,60.4,51.5,64.8,0.49,3.93,1.61
"266","submontana","d",2,"nov/2026","d06","s2d",27.4,1.81,92.9,74.7,76.3,0.37,3.96,0.84
"267","submontana","d",2,"nov/2026","d07","s2d",34.2,3.9,108.8,60.5,62.1,0.24,0.62,0.78
"268","submontana","d",2,"nov/2026","d08","s2d",26.8,2.69,70.7,71.5,70.6,0.35,1.01,0.97
"269","submontana","d",2,"nov/2026","d09","s2d",33.4,3.57,94.6,55.8,78.1,0.4,2.93,1.85
"270","submontana","d",2,"nov/2026","d10","s2d",47.1,3.52,107,64.1,65,0.41,0.89,1.27
"271","submontana","d",2,"nov/2026","d11","s2d",48.5,1.22,62.8,86.8,79.8,0.56,0.58,0.53
"272","submontana","d",2,"nov/2026","d12","s2d",37.6,2.91,100.8,64,74.2,0.27,0.55,0.52
"273","submontana","d",2,"nov/2026","d13","s2d",39.4,3.5,32.3,59.7,85.4,0.36,1.59,0.7
"274","submontana","d",2,"nov/2026","d14","s2d",48.3,2.31,84.9,54.6,68.8,0.37,2.65,1.86
"275","submontana","d",2,"nov/2026","d15","s2d",42,3.82,61,84,83,0.38,3.76,1.05
"276","submontana","d",2,"nov/2026","d16","s2d",48.5,4.6,52.6,62.7,88.2,0.21,1.33,1.44
"277","submontana","d",2,"nov/2026","d17","s2d",40.5,2.59,97.1,63,77.6,0.57,3.54,0.86
"278","submontana","d",2,"nov/2026","d18","s2d",27.8,2.57,76.1,57.4,89.3,0.5,3.53,1.59
"279","submontana","d",2,"nov/2026","d19","s2d",41.5,2.96,81.6,72,82.7,0.59,0.78,1.87
"280","submontana","d",2,"nov/2026","d20","s2d",34.7,1.21,59,83.3,89.4,0.55,0.58,1.53
"281","submontana","e",1,"abr/2026","e01","s1e",47.3,2.33,78.6,90.2,64.9,0.6,0.74,1.21
"282","submontana","e",1,"abr/2026","e02","s1e",48,1.77,103.5,96.3,83.7,0.35,2.53,1.38
"283","submontana","e",1,"abr/2026","e03","s1e",34.3,2.54,98.2,77.7,63.8,0.34,2.33,1.46
"284","submontana","e",1,"abr/2026","e04","s1e",33.2,2.75,109.4,83.1,67.7,0.51,2.81,0.51
"285","submontana","e",1,"abr/2026","e05","s1e",37.9,1.63,64.6,51.3,63.4,0.26,1.1,1.64
"286","submontana","e",1,"abr/2026","e06","s1e",41.2,1.29,100,95.3,82.4,0.4,0.76,1.28
"287","submontana","e",1,"abr/2026","e07","s1e",49.3,3.66,59.2,64.8,75.5,0.5,2.8,1.34
"288","submontana","e",1,"abr/2026","e08","s1e",34,2.67,35.4,65.8,83.6,0.28,0.55,1.22
"289","submontana","e",1,"abr/2026","e09","s1e",28.9,1.44,62,88.1,82.4,0.47,1.07,1.75
"290","submontana","e",1,"abr/2026","e10","s1e",44.8,2.85,69.9,54.5,86.1,0.38,2.63,0.55
"291","submontana","e",1,"abr/2026","e11","s1e",47,2.11,91.5,98.4,84.5,0.56,0.69,1.5
"292","submontana","e",1,"abr/2026","e12","s1e",38.4,1.37,48.5,91.7,84.1,0.32,0.73,1.68
"293","submontana","e",1,"abr/2026","e13","s1e",28.2,1.72,61.5,56.6,87.9,0.42,1.67,1.64
"294","submontana","e",1,"abr/2026","e14","s1e",33,3.1,63.4,56,75.7,0.21,0.97,0.61
"295","submontana","e",1,"abr/2026","e15","s1e",48.7,1.77,92.1,70.5,78.9,0.43,0.89,0.6
"296","submontana","e",1,"abr/2026","e16","s1e",35.3,3.06,72.3,55.5,65.6,0.43,1.53,1.05
"297","submontana","e",1,"abr/2026","e17","s1e",27.6,2.42,38.8,73.4,73.5,0.57,3.51,0.7
"298","submontana","e",1,"abr/2026","e18","s1e",32.3,4.31,68.6,88.9,85.9,0.47,3.04,0.58
"299","submontana","e",1,"abr/2026","e19","s1e",26.2,2.25,38.1,61.6,67.6,0.43,1.79,0.52
"300","submontana","e",1,"abr/2026","e20","s1e",35.1,3.09,101.6,69.4,84.8,0.27,0.78,0.96
"301","submontana","e",2,"nov/2026","e01","s2e",45.5,1.97,74.1,54.2,78,0.5,2.2,1.1
"302","submontana","e",2,"nov/2026","e02","s2e",20.7,2.3,104.1,59.3,65.1,0.32,1.11,1.77
"303","submontana","e",2,"nov/2026","e03","s2e",45,2.6,92.1,98.4,74.2,0.47,3.71,1.89
"304","submontana","e",2,"nov/2026","e04","s2e",27.7,3.6,81.4,84.1,83.8,0.25,0.73,1.23
"305","submontana","e",2,"nov/2026","e05","s2e",41.3,1.23,57.3,96.5,71.2,0.39,3.89,0.75
"306","submontana","e",2,"nov/2026","e06","s2e",39.9,3.82,92,79.6,67.7,0.23,1.8,1.06
"307","submontana","e",2,"nov/2026","e07","s2e",38.2,3.18,52.5,54,67.5,0.32,2.18,1.44
"308","submontana","e",2,"nov/2026","e08","s2e",38.5,2.36,49.2,92.3,69.6,0.25,1.2,1.86
"309","submontana","e",2,"nov/2026","e09","s2e",37.9,3.95,30.2,51.5,64.7,0.35,2.71,1.51
"310","submontana","e",2,"nov/2026","e10","s2e",40.3,2.07,60.8,90.7,71.3,0.39,3.76,1.88
"311","submontana","e",2,"nov/2026","e11","s2e",49.4,1.4,81.7,69.5,64.9,0.21,3.67,1.39
"312","submontana","e",2,"nov/2026","e12","s2e",45.1,2.49,95,57.2,88.7,0.37,2.46,1.06
"313","submontana","e",2,"nov/2026","e13","s2e",22.3,1.32,44.7,83.3,87.9,0.56,2.01,1.08
"314","submontana","e",2,"nov/2026","e14","s2e",35.8,1.9,108.5,80.9,73.8,0.29,3.9,0.84
"315","submontana","e",2,"nov/2026","e15","s2e",24.9,4.95,82.5,72.4,78,0.22,1.02,0.9
"316","submontana","e",2,"nov/2026","e16","s2e",33,1.47,96,90.3,72.9,0.33,1.76,1.53
"317","submontana","e",2,"nov/2026","e17","s2e",23,3.38,103.9,93.5,70,0.31,3.44,0.89
"318","submontana","e",2,"nov/2026","e18","s2e",23.2,3.77,77.9,99.3,80.1,0.39,3.21,1.52
"319","submontana","e",2,"nov/2026","e19","s2e",44.9,3.08,54.8,70.1,61.7,0.34,0.72,1.26
"320","submontana","e",2,"nov/2026","e20","s2e",48.6,2.6,92.3,67.6,62.5,0.47,2.06,1.82
"321","submontana","f",1,"abr/2026","f01","s1f",32.1,2.69,90.6,56.1,77.3,0.55,1.91,1.85
"322","submontana","f",1,"abr/2026","f02","s1f",31.1,3.12,99.6,99.5,63.3,0.37,1.52,0.7
"323","submontana","f",1,"abr/2026","f03","s1f",33.4,3.76,65.2,96.8,69.3,0.41,1.7,0.82
"324","submontana","f",1,"abr/2026","f04","s1f",33,4.94,97.4,97,61.3,0.34,3.76,1.24
"325","submontana","f",1,"abr/2026","f05","s1f",48.9,3.06,81.5,70.4,74,0.53,1.55,1.18
"326","submontana","f",1,"abr/2026","f06","s1f",42.2,2.97,60.5,88.6,78.1,0.27,3.69,1.52
"327","submontana","f",1,"abr/2026","f07","s1f",28.4,2.17,39.9,69.4,72.5,0.35,0.51,1.31
"328","submontana","f",1,"abr/2026","f08","s1f",34.7,1.64,73.2,51.6,81.9,0.47,1.54,0.81
"329","submontana","f",1,"abr/2026","f09","s1f",49.4,2.33,83,69.8,83.4,0.58,1.48,1.68
"330","submontana","f",1,"abr/2026","f10","s1f",37,2.17,34.7,97.9,75.6,0.29,0.83,0.65
"331","submontana","f",1,"abr/2026","f11","s1f",22.4,2.46,102.3,76.1,74.2,0.47,3.64,1.11
"332","submontana","f",1,"abr/2026","f12","s1f",21.8,2.9,45.2,83.7,83,0.23,2.51,0.54
"333","submontana","f",1,"abr/2026","f13","s1f",47.2,2.5,107.1,50.5,72.9,0.48,1.62,1.61
"334","submontana","f",1,"abr/2026","f14","s1f",44.7,2.71,37.4,75.3,81.3,0.57,3.86,1.22
"335","submontana","f",1,"abr/2026","f15","s1f",38.8,1.9,39.4,87.6,89.7,0.52,1.44,0.6
"336","submontana","f",1,"abr/2026","f16","s1f",26.4,1.22,66.1,72.6,77.6,0.27,3.52,1.23
"337","submontana","f",1,"abr/2026","f17","s1f",30.5,4.43,86.3,88.2,85.8,0.23,1.38,1.65
"338","submontana","f",1,"abr/2026","f18","s1f",24.2,3.24,60.3,78.1,86.6,0.42,0.56,0.99
"339","submontana","f",1,"abr/2026","f19","s1f",32.9,3.15,54.5,86.8,76.6,0.4,1.17,1.31
"340","submontana","f",1,"abr/2026","f20","s1f",43.2,3.47,86.3,86.5,77.6,0.53,0.56,1.2
"341","submontana","f",2,"nov/2026","f01","s2f",47.3,1.88,86,67,67,0.43,2.45,0.7
"342","submontana","f",2,"nov/2026","f02","s2f",44.8,3.08,89.2,84.9,76.2,0.47,2.5,0.59
"343","submontana","f",2,"nov/2026","f03","s2f",48.7,3.89,64.3,77,86.4,0.29,3.03,0.51
"344","submontana","f",2,"nov/2026","f04","s2f",31.3,1.11,46.4,93.9,73.1,0.33,3.49,1.68
"345","submontana","f",2,"nov/2026","f05","s2f",21.4,3.55,62.2,53.8,65.3,0.4,3.74,1.04
"346","submontana","f",2,"nov/2026","f06","s2f",28.7,3.96,52.6,68.8,65.9,0.58,2.03,1.35
"347","submontana","f",2,"nov/2026","f07","s2f",50,2.78,90.2,82,74.4,0.29,0.71,1.62
"348","submontana","f",2,"nov/2026","f08","s2f",33.5,4.19,74.4,51.3,69.9,0.31,1.47,0.91
"349","submontana","f",2,"nov/2026","f09","s2f",49.9,3.62,91.8,60.3,84.1,0.43,2.79,1.44
"350","submontana","f",2,"nov/2026","f10","s2f",41.2,3.43,71,81.7,62.1,0.23,3.81,1.01
"351","submontana","f",2,"nov/2026","f11","s2f",29,1.73,78.8,95.3,70.2,0.21,2.04,1.04
"352","submontana","f",2,"nov/2026","f12","s2f",47.2,3.97,82.9,74.8,71.9,0.5,3.9,1.68
"353","submontana","f",2,"nov/2026","f13","s2f",34.2,2.68,84.3,58.9,70.7,0.44,2.64,1.28
"354","submontana","f",2,"nov/2026","f14","s2f",44.5,1.43,40,87.7,80.6,0.5,2.43,1.03
"355","submontana","f",2,"nov/2026","f15","s2f",27.6,1.64,81.8,51,80.1,0.3,1.03,1.34
"356","submontana","f",2,"nov/2026","f16","s2f",48.7,4.14,50,81,65.6,0.52,1.98,1.97
"357","submontana","f",2,"nov/2026","f17","s2f",33.9,1.47,78.8,78.4,76.7,0.53,2.31,0.84
"358","submontana","f",2,"nov/2026","f18","s2f",23.9,2.87,86.8,57.6,72.6,0.27,2.65,1.77
"359","submontana","f",2,"nov/2026","f19","s2f",43.1,2.48,72.9,52.6,72,0.21,0.94,1.28
"360","submontana","f",2,"nov/2026","f20","s2f",24.3,2.97,89.8,52.1,77.3,0.34,1.79,0.84
